ld8,H_all1,H_all2,H_all3,H_all4,H_all5,H_all6,H_all7,H_all8,H_all9,H_all10,H_all11,H_all12,H_all13
10129_20180917,1.25667346594909,1.15771397471995,0.951060405376394,1.15296209692444,1.43559803839605,1.32718727748665,1.21463805718659,1.20563349352009,1.14586357562947,1.3101404779921,1.29310329896576,1.13696875250331,1.26813432820218
10173_20180802,1.39389725895921,1.38461636659268,1.28804956824433,1.44549561752934,1.45891790666378,1.3784183153941,1.42994711161626,1.39316624093799,1.46289982431112,1.42075691372666,1.27240375569614,1.31724128098227,1.31702854338341
10173_20200221,1.19202191712483,1.56185663448909,1.40776287493082,1.6187674063955,1.60845750714343,1.42875275893497,1.25909125037321,1.36270125292817,1.43031452166634,1.49467756731094,1.46237196245085,1.44230898341172,1.43872730116903
10173_20210830,1.45424190024728,1.22625511942949,1.4638329498014,1.37641079845781,1.58918413887008,1.45139253043221,1.38719244761593,1.26533195453807,1.51986288894414,1.48353008736586,1.34249889368208,1.24166278118991,1.42641183360215
10195_20180129,1.08574615389316,1.18113418918188,1.07464864715275,1.1694445267238,1.11280489100711,1.02018405303778,1.29309657059353,1.13695755273543,1.21833641764229,1.11083421987878,1.42864231154789,1.39678936914704,0.990180370280294
10195_20191205,1.15665240839339,1.34101764062526,1.25786733112304,1.10872099345885,1.26453659694696,1.28506929611252,1.24040774976982,1.20154477373669,1.21322545898022,1.28522480956522,1.20322706554466,1.01952250371158,1.1778037644955
10202_20200103,1.46591245517028,1.50539459368343,1.32161034894976,1.53262307845157,1.56699976949945,1.39329391262182,1.35569875039819,1.250394796808,1.42643494894249,1.27107753992111,1.25060875894368,1.49791631088436,1.23899933331118
10202_20210924,1.52801149038841,1.51548840015533,1.45883091768625,1.5137211995062,1.49074916830925,1.39325598319158,1.59262433856095,1.45018494920354,1.45077831642294,1.55819263130303,1.47047793513429,1.53450017721998,1.65033929618751
10644_20180216,1.50649292686324,1.46126351480048,1.62296487405393,1.29600914231123,1.51306495744518,1.51842032009056,1.53805716618436,1.36268785302988,1.45059729836268,1.4390456512987,1.53580950162338,1.3556801638612,1.52435759690087
10644_20191011,1.53569905450654,1.43379446176803,1.43113943186414,1.62723412401733,1.60461686873442,1.55672808907617,1.53353593809732,1.20688466795299,1.39489325151689,1.3617736340227,1.39720115413632,1.43464693588598,1.54110566546367
10997_20180818,1.31812427766503,1.27281623515732,1.42738301654899,1.47289826514465,1.1460885853395,1.36737181276454,1.37997878740709,1.49731719372869,1.50589685142062,1.40033063059969,1.51438925213203,1.46175755629585,1.42041109798091
10997_20200228,1.50141456823677,1.20042639485593,1.62604583050388,1.45270177279686,1.0379966883477,1.29790599062092,1.45709484118781,1.34104541924177,1.41725258128591,1.4330444980513,1.25690551224043,1.48523866389388,1.32032218248128
11299_20180511,1.38135325307607,1.20623636975927,1.14934528848256,1.32771265095701,1.40401217487701,1.46458989365423,1.53992526824593,1.45960581018999,1.20455139194357,1.24823717669248,1.27560328470256,1.18180240760992,1.07183178196321
11323_20180316,1.27808126389579,1.14352090590132,1.17186837285185,1.13299531335968,1.27966903983778,1.27029518255197,1.01237553895698,1.22776961170531,1.21554802518987,1.05041403574235,1.50375791218394,1.15543423638272,1.26011045548306
11323_20191101,0.941393769942523,1.05660683735932,1.07796261370933,1.26452134201924,1.01722437908166,1.30696843309214,1.20796082055974,1.02025696411006,1.00164320857069,1.27821437773083,1.17281438171174,1.10590353145043,1.21233814627753
11323_20211015,1.66155533088706,1.45196302462974,1.56503785021026,1.41548715211956,1.56915744162116,1.4664074481872,1.46945759804449,1.45918705689727,1.36918147795559,1.36795590818631,1.49086360055365,1.32966759798432,1.5131009819879
11390_20180628,1.30280020412582,1.03038876948874,1.21108828941419,1.34794693799297,1.24023466132407,1.42491541652864,1.27982931268608,1.24419030651234,1.35303741324272,1.06516880014526,1.22553518107903,1.3242235499189,1.21255721271941
11451_20180216,1.4498358789223,1.39744162932572,1.27696085550801,1.44058994621966,1.45624641947806,1.49934933123634,1.43309466706578,1.45653905687801,1.20663478172692,1.21363992956964,1.37319083251617,1.34441537040176,1.44607335340989
11515_20201109,1.47344843621046,1.57941603714238,1.55348023096685,1.4468155352699,1.46836865873581,1.61353682320639,1.47778763491755,1.47339715253711,1.30490258768155,1.38889378719985,1.61267662989155,1.57761941163064,1.58441828112864
11543_20180804,1.31105632226238,1.36171957925791,1.2931625169226,1.37746638105829,1.30150013960309,1.49646975389477,1.3288866893795,1.19061341579915,1.34944573770123,1.26325558256904,1.24241034073308,1.01289751457635,1.20327763955489
11561_20190930,1.28885039416571,1.14544310404654,1.0879828726083,1.27488969261474,1.02296630640252,1.22057414388916,1.31633339672147,1.25351426250283,1.02714650924041,1.1779394145688,0.929243574522216,1.14572931627755,1.20869276345575
11561_20210607,1.41598284959921,1.4484556806033,1.50713366967847,1.5704962468276,1.36960802648354,1.5277170685777,1.41588822533117,1.26079869069851,1.39320171891787,1.41756855756247,1.17335249192958,1.2621090457373,1.34615375923075
11565_20191007,0.967654818060216,1.18788427338452,1.373251027794,1.32012962645816,1.11367013997722,1.06076689763967,1.1176128919545,1.08657643090123,1.29857794066138,1.11691835918367,1.1758663855506,1.01212499585192,1.23347170537615
11575_20190708,1.46621577140429,1.06489610268346,1.32834465606768,1.27306819962471,1.47144307450359,1.24521544179423,1.30974888807085,1.33872122347108,1.26514528509703,1.16786152711836,1.08993704030007,1.18625167771303,1.1050712838698
11575_20210503,1.36459231590085,1.37409490497499,1.4011976991585,1.23666014440842,1.16434958152275,1.55811983129358,1.43798315005828,1.35724309983726,1.52786886438829,1.58535927887181,1.25908948610492,1.47301243861793,1.32748173860077
11599_20191202,1.315765799,1.20180936439942,1.23541733684355,1.3742692865416,1.35629184016487,1.37638649962633,1.35164920638096,1.20913789682066,1.24502670696408,1.18672781249614,1.08732010329231,1.12266797159283,1.16733486930821
11626_20180312,1.22186718789102,0.996295982429247,0.989946296478372,1.15579559653023,1.01425354646473,1.27296783779002,1.14555311355884,1.26709339722547,1.11424356352634,1.1160206620061,1.2866398299227,1.24631848674783,1.1895970753274
11627_20180323,1.33540130957956,1.35975796833285,1.41335487053466,1.53493273665603,1.52553919785239,1.42204151374317,1.41049086292439,1.17179868506114,1.22059059919201,1.19952237321994,1.29495995765347,1.27735930365484,1.49801912383508
11629_20180323,1.47887065886385,1.36599958553621,1.40165366423097,1.45384493992183,1.45543841039894,1.41628648981377,1.35806105504927,1.34202787218399,1.54740300440184,1.34417075014376,1.48287763873993,1.39192965354466,1.38084459180658
11629_20191003,1.46480042320264,1.45869696231293,1.29888246958168,1.3705373282108,1.51190525064908,1.57863595824036,1.43158739676537,1.44252216001149,1.47633037423725,1.5944857745069,1.24787172531273,1.37719508296597,1.13719479956439
11630_20180524,1.35966822667643,0.997169524939107,1.34093649384536,1.50507534499555,1.3708721889872,1.26691721690896,1.37117744388945,1.15326135242728,1.35993282935604,1.41323361336081,1.15181138028469,1.26546874994734,1.32906860080557
11630_20191216,1.44366119946907,1.52052376035196,1.6329943779508,1.49670722809171,1.54466261924831,1.46301635326848,1.47046766208299,1.22314038275045,1.41951891651734,1.34908067450609,1.18681240256953,1.4836922013005,1.04426821382263
11630_20210717,1.48632858347763,1.5140244376783,1.40650381405616,1.5241542166609,1.41591492948085,1.41063080278489,1.34045733594164,1.33180218778671,1.48250674442039,1.2188911867727,1.17300247424047,1.31682749331237,1.40266389524887
11631_20180517,1.5038824279231,1.46726122912249,1.52837344252067,1.43709404671788,1.46897755729949,1.43795004025626,1.40236787348606,1.41095241730968,1.45740995337349,1.42294244564832,1.18913207705508,1.27826781760996,1.42117435585776
11632_20180416,1.46234478022069,1.44070121658252,1.36527283528581,1.37450940024546,1.48821999767351,1.50178852444909,1.49803935633311,1.29620594709744,1.31966991229108,1.31407439770143,1.53213376031482,1.30113630758881,1.47489641182051
11633_20180426,1.31517027594135,1.51416037448717,1.27166102240013,1.3419471510397,1.31323572074471,1.58061023460061,1.37865560576088,1.46082429505672,1.42144907281246,1.58241692126657,1.15772865436646,1.06345675694869,1.39418709226266
11634_20180409,1.32382632115175,1.25884098932866,1.43626909548443,1.096432860307,0.953656056269723,0.988341103374208,1.37921341225529,1.51185622204087,1.33583019351611,1.25932413298922,1.04871042148683,1.38975872663717,1.23144748490583
11638_20180419,1.40624035853542,1.45442410060452,1.31676880379705,1.47332898618471,1.52740343900538,1.48816704193084,1.5645452280328,1.41619225503422,1.48581938284405,1.45841206761125,1.42919405491226,1.43742325670598,1.31662347047705
11640_20180514,1.29110610079542,1.5838576581077,1.25685160911572,1.55857572783483,1.59697301288213,1.59725373676012,1.40949682082737,1.49163554045027,1.41366970624689,1.45612700037577,1.43944637292212,1.42672678802839,1.50228773975008
11641_20180510,1.42552144004535,1.26733968017957,1.36073769325645,1.41144846817219,1.5056425285676,1.60067114423866,1.3653453377223,1.49872337819331,1.55959060886538,1.50669873407434,1.22442349476102,1.27362537519224,1.25380401923894
11641_20191018,1.59995503287795,1.66814687737538,1.52475513153967,1.48095726059267,1.56757865124122,1.58980967583016,1.4142820829242,1.42680140137749,1.5256666650204,1.37803386326777,1.57746472044262,1.6346478324967,1.48730195758336
11645_20191209,1.27896753208962,1.29720258227599,1.40057197379339,1.31582870732713,1.38332067345077,1.26956235663115,1.17838379478962,1.168218575331,1.53474095403209,1.29110724867593,1.20219222601118,1.02930286198972,1.25560018258449
11647_20180514,1.50544343811854,1.38224082814691,1.3668626128374,1.1911138736619,1.08811260091907,1.03147150680718,1.1053013367718,1.1451763691181,1.33329227716833,1.52222625814596,1.08324469615718,1.14201921537407,1.24588170643537
11648_20180604,1.48761892048121,1.414316783255,1.54988250679309,1.42036865539705,1.40938886752934,1.45622086235314,1.59653965739381,1.5278305841991,1.56107071632885,1.52647967801744,1.3262522473558,1.42884318439762,1.54035117426678
11648_20191206,1.55824472501389,1.38255516269022,1.58487171947027,1.67969393088329,1.50153091779086,1.52710424180153,1.53124157616603,1.28587717623317,1.63935842553163,1.56502120437684,1.48695963906232,1.45665442112804,1.30428471405426
11649_20180521,1.53056125960852,1.28680135659076,1.2465387208314,1.52453862421102,1.35805658132404,1.32695170604046,1.44632478690419,1.45117467309821,1.35877548064557,1.27320811138628,1.32959120911905,1.39212194472094,1.177841981132
11650_20180521,1.54239546714925,1.27810571174541,1.2913165325929,1.51363133865275,1.35805658132404,1.32695170604046,1.44867575885339,1.46606201006303,1.36594325474686,1.18668390297755,1.37724959869529,1.3419857758582,1.18098380859481
11651_20190222,1.12711975646684,1.14178594152645,1.29293590121346,1.12394507257918,1.1466953801016,1.24842525162395,0.970077990797537,1.2927067625554,1.17808031823281,1.21026500769423,1.14845915338699,1.20388527474336,1.132919724521
11653_20180608,1.32281584911886,1.31919198533201,1.32949946188627,1.37109943497186,1.28682897504669,1.19028306227005,1.38580792144097,1.30878133698747,1.35609808804492,1.40578568389088,1.36297289744808,1.36514937774905,1.06783188172128
11655_20180702,1.46884411119252,1.49361286472248,1.35155950419893,1.50094475579533,1.68359929033392,1.68774559578724,1.57509192094843,1.53453452348781,1.41112830063546,1.4970340950291,1.45144961383971,1.22269963215031,1.45408062438627
11656_20180607,1.32849079316738,1.55219628579031,1.40719055912246,1.34774615699323,1.472644254493,1.48548315307055,1.66824900468965,1.33554951003853,1.36722180426313,1.42740881067449,1.54316044079275,1.19523967879675,1.43382503049012
11656_20191206,1.50292450392175,1.55024821144082,1.49624196161335,1.47708840076686,1.39468415494478,1.39515120626414,1.55371242369501,1.36686281110117,1.44505924058519,1.64898149773528,1.39084943548851,1.56885029499718,1.44186581530072
11657_20180817,1.43154921842671,1.18513132627933,1.35111924330521,1.17537963007929,1.31262420771927,1.27284146077519,1.33339593185559,1.23402636258376,1.41243463129426,1.00833325079492,1.09255754595181,1.43472301900854,1.21774429712525
11658_20180608,1.42826591814691,1.37637627857831,1.30665746086624,1.41076148827827,1.50328330178544,1.5221359649831,1.30426610066744,1.33679686943961,1.48672690518075,1.25347671362488,1.14694656780478,1.34349617549098,1.45001761380955
11658_20200130,1.51400100380549,1.43407488318985,1.43714009748471,1.34121805102094,1.34872482932566,1.34307973702039,1.2915297799414,1.33360079619008,1.40726304672656,1.59427028723336,1.24401320234048,1.45896736334166,1.34309221969892
11661_20180720,1.31437258923427,1.27039856698165,1.26408835525416,1.02224013878661,1.40883459300439,1.4189534766701,1.25472870024822,1.02517082338499,1.16052421464581,1.23860680825927,1.2611721310027,1.24022936774159,1.12215081801715
11662_20180614,1.33790378689648,1.48242354772431,1.26442232593405,1.51698052743695,1.51692078126001,1.53842046663367,1.34741157717889,1.34273484228818,1.42414517433443,1.47282277923136,1.18617346785068,1.10100682232414,1.54554739140284
11664_20180712,1.40817229272544,1.53814775436198,1.42738320342805,1.48801452998997,1.40422846834659,1.54732961304449,1.58072659926731,1.4976337139246,1.50420487313771,1.43304850419858,1.28539672145225,1.23023524873285,1.42986012015828
11665_20180628,1.48089224320629,1.4092873530057,1.31406250231026,1.27370582926212,1.27666079320238,1.30827088743034,1.37512179748484,1.30356967786397,1.20511964236135,1.26619356877599,1.36290798896084,1.2702854265011,1.43761875223177
11667_20180629,1.32579764635104,1.60065472936776,1.36857520139681,1.48858782932617,1.53685770489322,1.54303052883687,1.46735887215915,1.55405862738744,1.371486112864,1.524788831192,1.16589645945189,1.31631933267074,1.49649255461132
11668_20210419,1.35514787189776,1.41897598915199,1.28901035108573,1.20045727460397,1.41587214806464,1.42157342848024,1.43924174128402,1.52392075786546,1.55238907224888,1.48266490746578,1.25665569787952,1.51208525347651,1.31154784983254
11669_20180712,1.29850716686227,1.54411438036689,1.38613690512489,1.56450849106389,1.73360857459692,1.52653024869663,1.65985997174633,1.51818008285721,1.28005895797467,1.46246934961953,1.44542955621806,1.49364726875057,1.49329237102624
11670_20180713,1.20447563684641,1.22613059043163,1.22378691425992,1.38332075691421,1.20033666832603,1.24879079700976,1.37072257638952,1.22447948293292,1.13585886917769,1.24720953273542,1.23164620754147,1.28670991629416,1.21341512388969
11670_20200116,1.49967077252638,1.34075428222046,1.47381512553828,1.45871681076852,1.4437812839574,1.60371537483082,1.40124914553456,1.31322114948393,1.26923357576209,1.3890097414177,1.4967028110276,1.39613590992005,1.52770557641293
11670_20210927,1.52986165556369,1.4975663027679,1.34548144131098,1.51932276246431,1.34474251557732,1.19361264185799,1.47096163139003,1.44186695813785,1.29245578090731,1.37248099676569,1.3649330026816,1.36639527289361,1.41124926627758
11672_20180816,1.30842951827159,1.30663566859606,1.53612170679707,1.44992055859002,1.37073586642681,1.46470869229207,1.36494295982695,1.63441955559211,1.40748885544003,1.31602687540789,1.37171026841334,1.3976286599586,1.40250199320277
11673_20180730,1.49764071468949,1.26614712144628,1.26493193196607,1.16018218958057,1.10316452897703,1.27122700492489,1.20280171214933,1.14726273214823,1.25111379960981,1.31433946141657,1.1296954073645,1.38818224272078,1.17832598079304
11673_20200123,1.55532574376262,1.40586408627957,1.56525851462369,1.36576678784573,1.53469677812145,1.49891390350507,1.33345249857004,1.44000618569517,1.25363298750083,1.46409835546035,1.31971398977898,1.4841167704918,1.46100135349781
11673_20210809,1.63272869036719,1.54353162648047,1.53249974321222,1.45300098265238,1.42579309377831,1.28103321467652,1.30185678989284,1.33316097739653,1.30004327128678,1.47628405372062,1.40352532053267,1.39622578224563,1.59147691591447
11674_20180802,1.68791614431167,1.5404867008348,1.32330112416653,1.39628963738982,1.49960757884607,1.43162517419846,1.61570936199315,1.50402494117345,1.61104484884158,1.54735106698107,1.23561803838105,1.35451506157844,1.31259040223077
11674_20200109,1.44311425761524,1.4641462666352,1.25017582944455,1.26412869412933,1.43383993282813,1.54403487915653,1.3628147901302,1.35588160041067,1.45028910725669,1.54879293074174,1.31225750974978,1.1958239387688,1.49722553315377
11674_20210730,1.6273793585481,1.38584630860096,1.41540812608466,1.38719062983055,1.31660372766469,1.32986739396777,1.20714822050891,1.46704519497448,1.31940031452013,1.34609069289483,1.45426128243981,1.59032987413874,1.50696924008856
11675_20180730,1.50883371283727,1.35411928185173,1.27357103747264,1.14408769112123,1.147835041362,1.29813435234533,1.21737714175919,1.19455492994201,1.25198008086589,1.19937347717999,1.11599790986892,1.29333187890818,1.19298639580679
11675_20200103,1.39571788821326,1.35266936548013,1.29717924891511,1.54795239899078,1.46754761119455,1.43691485663495,1.34253277322004,1.34220365516186,1.47406454494002,1.34612691713564,1.46482006174117,1.54449267993415,1.39268336870288
11676_20180803,1.44220907151329,1.49582161990323,0.930468307475033,1.40116256958048,1.42735123165365,1.34356740980094,1.31597437818325,1.33492522101482,1.26789661521253,1.21577592422867,1.32254205194477,1.38735141667459,1.38075708504419
11678_20180913,1.26887610235504,1.53074852103444,1.0228376172064,1.14803787234869,1.41240389601649,1.43017482289411,1.50424779451632,1.27971509448561,1.63598101388742,1.49015665690926,1.24902070080115,1.41002512143003,1.34704681275816
11680_20180816,1.38116501208845,1.57319516286727,1.36029903213412,1.48659682533282,1.35406444536499,1.48968136696366,1.37675690728041,1.47609805751424,1.52837264622648,1.30228164177137,1.44264549642015,1.47921352249979,1.24448868328254
11681_20180921,0.941663721375358,0.930397835683801,1.15899286305602,1.27026648678801,1.11466043647341,1.02530159087144,1.18333725705146,1.15436031481175,1.16785141816897,1.21568852916508,0.824002543217555,1.09036664981906,1.39399474403996
11682_20180907,1.56283249986816,1.41696249193226,1.49162648166619,1.36032856424749,1.54016760465968,1.44426889108403,1.29823707804505,1.47263183466205,1.34799571651583,1.380677546845,1.4054096733652,1.46897522706927,1.50830064681874
11682_20200309,1.44389944129344,1.3932644281886,1.24253565473424,1.21949733741013,1.42859481229374,1.49156809723882,1.30719059792112,1.03700303757912,1.2162045562088,1.36381726822421,1.34158707747706,1.45431253097866,1.22844007682783
11682_20211001,1.4731443548253,1.35951938109702,1.35063675160718,1.44120131748107,1.4279317905245,1.51399024853291,1.28087489901317,1.38372228538252,1.28733419241829,1.50097626009508,1.44097153487781,1.4136087182605,1.48007824528708
11683_20180906,1.47025371980268,1.38842145155787,1.19758800234614,1.34633608016129,1.49146601510812,1.39385868842331,1.36159849381116,1.28235702107706,1.19854081596553,1.42080467234218,1.1436484076087,1.23320057293936,1.53835321756043
11683_20200821,1.5914887418476,1.36871661511775,1.44219461580577,1.39236848929982,1.53675120449953,1.28684757565234,1.52397735230124,1.29132553588781,1.24023017755933,1.31339221678686,1.1374656726119,1.01135847403359,1.27543213467177
11683_20211106,1.48162927596872,1.34442110560723,1.30492892362179,1.19472095983471,1.47352335839989,1.31357154098868,1.45934986615572,1.31323163500717,1.08928319542952,1.22222892751184,1.12032380009293,1.0900372336306,1.11123297280731
11685_20180907,1.532823852666,1.37631210119455,1.26145165580388,1.25292902126828,1.27829417265267,1.31398691539733,1.3655941438021,1.3178566092366,1.22282410462792,1.38070755478792,1.20807820683063,1.3479694516037,0.988213326561153
11686_20180917,1.22612397810881,1.30900592041356,1.25053578367735,1.47858675719707,1.02730323119932,1.23540983412063,1.32302266050915,1.18308781924404,1.50378534545987,1.30110233891905,1.30941256854597,1.13790281770659,1.35673241588682
11686_20200724,1.52507812868647,1.44697602556661,1.45976593718823,1.51117330628451,1.20872475170398,1.23843172810961,1.39611688841557,1.3684308456433,1.53480017932776,1.40996460627891,1.25618909493058,1.30421100414409,1.34423777546574
11688_20181215,1.06297287829156,1.24509986167369,1.24091654989501,1.16406270272602,1.13199932160548,1.32457438493856,1.21757249388875,1.16272486090674,1.23334022934642,1.23554036955837,1.01506676778848,1.12209706051551,1.35191233664143
11688_20200824,1.24144159908578,1.28055760309633,1.22673162422371,1.34610981678446,1.25688061826263,1.45352332871576,1.35531819619511,1.23199623461643,1.15190036261899,1.15935910642163,1.12098345847454,1.20829943189618,1.26513861420029
11689_20181029,1.4423531525784,1.47718239894265,1.39749123020346,1.29544400403288,1.36925880667947,1.49310052482161,1.38738469361214,1.1608411521926,1.28076716334206,1.16778648573129,1.1681263116726,1.38391924072965,1.4912472369649
11689_20210605,1.55314309566325,1.43350895667795,1.52550076640015,1.48245941440122,1.3375778185145,1.52337264194602,1.40510843451477,1.42280070827858,1.31753864592723,1.30295777694834,1.51735637627288,1.4332987095815,1.46086730932226
11690_20180920,1.3782234525233,1.48635613736443,1.46960430113449,1.43724315025676,1.47313604073051,1.66231860609157,1.47537260813012,1.36577742739638,1.49129994733797,1.54306100195487,1.28532408828973,1.23527793259111,1.22058054448839
11692_20181019,1.20342289549559,1.12715602449205,1.18295430509986,1.1388213288241,1.32931969226452,1.14846911803953,1.1851044021784,1.26143066628702,0.992959520967225,0.932376105503864,1.06420674526258,1.03817551064725,1.14939666682119
11692_20200918,1.46131868325006,1.44988188076723,1.50481970803813,1.22488376427816,1.33717348274331,1.50441578538971,1.23443567900882,1.23679783860434,1.27965463407927,1.37929825567119,1.36937730968137,1.42025593944862,1.24885514915993
11693_20181001,1.63910123284595,1.52311337450472,1.51661258556829,1.41413804758669,1.33965649073774,1.40538158198881,1.44269327182405,1.4891268572933,1.50471839787201,1.47566490211118,1.32805156535698,1.01593653498242,1.29100735434563
11693_20200727,1.4124514332793,1.2573365588803,1.24213333574528,1.22600965287209,1.41711951980371,1.29567632310395,1.23682070012353,1.3405789958531,1.41226759500019,1.37208168025582,1.04608787069017,1.24688435153563,1.2009577024656
11693_20211004,1.45965900042914,1.53526182352651,1.67714075341,1.42815737283568,1.4858415345181,1.42453143159895,1.55296886661469,1.32173351224833,1.3120366114788,1.38991402256424,1.54630528659117,1.4711438273068,1.37099408154508
11694_20181029,1.24651890701312,1.20313990260836,1.39731640684999,1.33105075988599,1.25247111247661,1.256549564301,1.34659034897303,1.10827375473563,1.10390419369373,1.17324691553773,1.0321260441625,1.09164355445066,1.52211028728779
11695_20181005,1.33707053327167,1.3745256267865,1.33833995673465,1.20046909201429,1.37985670557302,1.46577882755056,1.25735555892765,1.19086091912225,1.22987879959678,1.20516020437808,1.35335284823916,1.24067764077719,1.11652762978451
11697_20181105,1.47142594926637,1.4946251264227,1.36550994236374,1.29631306166336,1.30249139194092,1.42082927274995,1.25366101446073,1.21637338760078,1.34140546060707,1.40413843772271,1.38503931836636,1.12306400886252,1.52239932906335
11698_20181116,1.27709610540725,1.30814518940007,1.30287571355662,1.25151330608213,1.47562833592026,1.34639460951741,1.36086262788438,1.32382256784994,1.3706196995472,1.26880366188751,1.22344174966342,1.24329538683879,1.32640649113749
11700_20201113,1.55277246486608,1.4893613479173,1.43285184360995,1.24123795653583,1.43467960259058,1.49756454609871,1.37747039586451,1.39429066589069,1.3934126245649,1.31715246781997,1.45900923691639,1.51113955692807,1.44899879253423
11701_20181015,1.61400088443067,1.54088693262706,1.49029400822441,1.37659415275094,1.58350321285368,1.6926724718491,1.64872394940126,1.38626651869026,1.49707332314133,1.27300685446143,1.10320304874837,1.36154472676268,1.37274488818488
11702_20181109,1.57279516343038,1.61484805998021,1.5110315872553,1.65507215126877,1.63798967394084,1.60056141674501,1.49342511967205,1.30422529377075,1.49659484602508,1.5580818618629,1.38194396143934,1.5913723101501,1.56527162321499
11702_20211119,1.55004936403726,1.61467052113545,1.45534660136108,1.33941831246849,1.51028827231512,1.45864507136257,1.53763798978835,1.29714141999942,1.41710065583677,1.43278001216919,1.22987931618005,1.53046636928186,1.56494686139221
11703_20181019,1.56486571246772,1.4742099521379,1.40081076606191,1.56465202717794,1.48942745846401,1.60736468281658,1.46289747202171,1.41863265813597,1.50151555328133,1.49264273529776,1.56105508323986,1.52288551600271,1.54887918801751
11704_20181103,1.43870291185324,1.19027298733739,1.20827606425045,1.14207472581712,1.26924805038684,1.4298531129642,1.29843327882668,1.33109370389097,1.31189067280328,1.35619322444927,0.90596311930128,1.20808998436915,1.18284158886931
11706_20190322,1.19513367103818,1.34002662440695,1.39385653691575,1.260735645294,1.48540880063996,1.54727728591684,1.30653540133863,1.26173429968753,1.21828274233819,1.19093095008308,1.11065107638652,1.20239707742639,1.41417279826589
11708_20181112,1.60792975352813,1.59475654271092,1.40796975682546,1.30273827977724,1.67052565568386,1.58898577080805,1.54718434249807,1.18527647566204,1.43980330988768,1.25694388560553,1.31461138735352,1.31078663132449,1.4931577150823
11709_20181129,1.47250157780314,1.3499979914681,1.18596360326586,1.3052714908975,1.21421148665238,1.36524873412183,1.47407473902954,1.51750771342985,1.23281288055796,1.17215609902728,1.4894851694516,1.40664662947728,1.24084259197011
11710_20200911,1.5730853934988,1.51946152921898,1.4084035253527,1.44324297143884,1.48573244569688,1.3596181516322,1.38193644515758,1.49188095564163,1.54423359694678,1.41579256647334,1.2595680048107,1.44890228862667,1.48171621043246
11711_20181119,1.49357787391016,1.49966313934344,1.42558213545991,1.52970567886813,1.52959593141408,1.38663714519316,1.54980988247385,1.39336964251937,1.36768021836644,1.47994197016584,1.42482407167524,1.13958990157217,1.5115945091736
11713_20181203,1.59825347357273,1.60555406352943,1.43664027803807,1.38034805696574,1.27267575939836,1.4304515489418,1.33214553834354,1.24278442176052,1.50746528898011,1.36531594996689,1.60953038068001,1.26533367525711,1.40799080786165
11713_20200821,1.50930964171928,1.39716544487722,1.43951780874259,1.40963895290911,1.57323092441566,1.42757536033518,1.50407549383559,1.47514118523724,1.4290108926011,1.62090921015696,1.352916857385,1.42952037535288,1.51029128652867
11713_20211108,1.49351371282167,1.59577834817826,1.56563653735314,1.5513745551266,1.34584366737078,1.40460423650866,1.40229842329553,1.44961511098725,1.46290745463242,1.37924486808739,1.48399361742474,1.53945698192272,1.64807626146886
11715_20190125,1.2718442812314,1.42600841915351,1.25166493846604,1.1978708373582,1.26049741702016,1.16054699273482,1.47465007384992,1.4788802919301,1.18017927070331,1.08332141999926,1.09911465824161,1.1921670984418,1.04311028863685
11715_20210213,1.41203702910843,1.25932447785198,1.31535076937514,1.51054836820063,1.37792953609714,1.34973888938625,1.60681234208396,1.37099887203401,1.55198790226455,1.53026874606206,1.5041572281048,1.54464126753526,1.4608232808138
11716_20181129,1.55667238872243,1.38664334828673,1.34717451377688,1.31339318309491,1.57277825665747,1.59653322190724,1.35657742731084,1.13851343439272,1.37097903749598,1.29093577958021,1.21066704561039,1.24711094777914,1.32364583317975
11716_20200921,1.426960426423,1.60992924569377,1.36576949558596,1.44862057430756,1.40688777411019,1.4766686464675,1.51632024157067,1.49726935293069,1.16197960466988,1.4056111241868,1.21141739381685,1.55362438358749,1.40545964123653
11718_20190112,1.32296536306943,1.26637149804589,1.24035596378883,1.42455140649556,1.29445610528726,1.31791191926169,1.55803717119414,1.26021724396534,1.27143266194923,1.11301274818078,1.17664174637851,1.16440493187775,1.3100152169015
11718_20201023,1.34838447467272,1.3830586242956,1.54067407264581,1.36177404861849,1.20577311007858,1.57595944139954,1.29219652260072,1.40893097736388,1.21795185369948,1.43458985955874,1.27523272774497,1.2777809914566,1.39894546838897
11722_20181210,1.44976122727958,1.34978215059809,1.48137315204116,1.29639573811668,1.45217353498856,1.47738359952719,1.40086500296853,1.46274233850744,1.29568047109929,1.24416980969465,1.28711012537945,1.48596945204713,1.45673851691591
11723_20181217,1.21326563137939,1.24676456375214,1.22240099929619,1.19132397313496,1.15284633971623,1.21118100144438,1.06347569642656,0.947969384999362,0.933795876655165,1.08570107503583,1.00387136895046,1.23263413956862,1.01185608765063
11724_20190104,1.22591850967592,1.03006525268758,1.16957018852647,1.00894090053762,1.27549140973201,1.15453764651131,1.30721280064428,1.25999872138867,1.28235620086841,0.922775755786397,1.0904105367775,1.01302835951542,1.18600525735631
11724_20201116,1.33151969324931,1.1905415930012,1.40515268681581,1.346059290343,1.187912760896,1.13040323093734,1.38271483203041,1.24983568224016,1.33541444286592,1.44269111345246,1.24223945917551,1.29187586987061,1.49055635617477
11725_20181214,1.24625617994596,1.42559117342489,1.45526078105888,1.34777370601892,1.35935893966236,1.32607809639419,1.21997821553426,1.08130894854574,1.16469418001847,1.17373177095904,1.43326751800274,1.34162156834015,1.40327215924857
11725_20200724,1.73148842851472,1.35837867643987,1.51255530765715,1.41786856827331,1.3179077877097,1.42559000151574,1.45668000283499,1.4170426382011,1.49695216860462,1.40397374703768,1.37611698653512,1.63147725876673,1.35236432244297
11725_20211029,1.46181686692121,1.4447443925583,1.38790709466217,1.42704968886705,1.46396022663882,1.47072466082106,1.35920045134071,1.25528749322835,1.33913866093546,1.35985216481951,1.43084478809207,1.27060387927648,1.20024542179344
11726_20190111,1.49390624660741,1.40234413789281,1.37831167691823,1.31493257113053,1.3067205080638,1.52132007331887,1.35259188686564,1.3686707097273,1.26648469921043,1.15738980813636,1.23481710466256,1.19937854448318,1.50170096592947
11727_20181214,1.64618644121115,1.50763709856514,1.41234393605265,1.3802043889295,1.5326731030869,1.44896558719148,1.46677197995683,1.37982210599936,1.27312380476955,1.36463269201682,1.41844954671941,1.31576625933563,1.40557463883547
11727_20201008,1.39934917016919,1.35235103600111,1.44800154975012,1.43765785635928,1.37856198202915,1.22652236257259,1.40134363690773,1.33453957619179,1.32583405623457,1.39151686941723,1.42584078383513,1.59496362221092,1.49771618784428
11728_20190114,1.49186054402452,1.37426521803542,1.48703000455106,1.46360223345502,1.30527184742051,1.50864699756597,1.38362263601794,1.43591342916662,1.41269723497743,1.47042144703903,1.42099297172261,1.52637999847884,1.22739549442483
11728_20210409,1.65647064388468,1.61419502477187,1.48406849571436,1.39367138735388,1.37057529946058,1.52122085846791,1.4550279378226,1.31361586106517,1.56488829894318,1.2827543841118,1.36310151223807,1.26754141188733,1.43775709140062
11729_20190125,1.50395580927406,1.56120875060354,1.49671452870418,1.45998960531926,1.62556047238211,1.60238996169593,1.58184752027328,1.33929021449862,1.39212110762387,1.62687448914252,1.1888187692334,1.43761875903265,1.52986889143927
11731_20190201,1.41213416475964,1.02219862565024,1.2904731749637,1.18372129229128,1.15518566872617,1.26487313677198,1.50138745434287,1.22616209267921,1.50960739738152,1.29259630363273,1.06671424316326,1.11768880917001,1.01512898661527
11731_20200828,1.55290748745034,1.57337888241167,1.35503669520176,1.21373305343421,1.57676756929667,1.67121184049838,1.47868372979209,1.24350655875994,1.45242049322359,1.5404568131842,1.06400691983189,1.14784174354296,1.44883824356669
11732_20190204,1.46757467953303,1.41388756379125,1.44316613027751,1.52301843095148,1.44544027822742,1.26961785606476,1.4236580096468,1.33679339556781,1.48309948305489,1.31573550313925,1.02016852634447,1.12094214707055,1.41967930977118
11732_20210619,1.25784850432631,1.39546106096217,1.5418887113061,1.25883783257988,1.38930917896132,1.32333475358739,1.14932047753384,1.13718488507218,1.31907479736969,1.41235841950665,1.29782121661804,1.3424997811994,1.30357151041065
11733_20190104,1.45220847323573,1.44741186283194,1.27869186048363,1.08653259418075,1.35509786960875,1.16132288741026,1.2690116250456,1.07694079496613,1.30729745897003,1.0162666586477,0.804982219468114,1.11881366861333,1.18238335938745
11734_20190128,1.46965586155489,1.22039283874333,1.36743502159524,1.40031213034669,1.33196782975603,1.40479614786172,1.41889431747887,1.41153099220064,1.50502201126741,1.38632576003823,1.41262547494407,1.46921036653419,1.24123650089343
11734_20201029,1.54392118604481,1.64087338725563,1.58001108960409,1.57735962335373,1.34991314628655,1.32369507928847,1.46326810775662,1.47987045569958,1.41629092593617,1.52924900365993,1.45502612767792,1.53828248809184,1.45542003703125
11735_20190719,1.31657802527732,1.20311801387421,1.27892151695097,1.17461450340292,1.24567750918913,1.42903485382718,1.35395482555524,1.19935138932801,1.45125436237785,1.38385598336328,1.03575644679929,1.1425856610047,1.04572503105419
11737_20190510,1.32512868006172,1.38563672247926,1.45881158897295,1.46714112880702,1.33680063447093,1.34099565618784,1.41388530691404,1.393594381496,1.36466888326487,1.40277043359964,1.19657794670979,1.19598304201251,1.41480371111147
11738_20190201,1.26898505464437,1.09552071881105,1.3704541045266,1.26737743665699,1.09742497124909,1.40999997447193,1.33988644047402,1.35444616828511,1.34923027795342,1.26578098473972,1.34687526073437,1.26395466398931,1.37789639284154
11742_20190412,1.36597184866715,1.52256865149019,1.39387000865742,1.60563613501995,1.46878089247424,1.27839042430606,1.27182525601093,1.36278037372535,1.47306670116398,1.28345063060763,1.49017503078486,1.47732523763725,1.47933485983297
11743_20190802,1.13653334533336,1.33742588466411,1.22470730998573,1.1750242218181,1.42471707218652,1.36348081124931,1.33526271477787,1.37476323407671,1.35818403627346,1.13129705748165,1.12922970392665,1.31570268915794,1.23967052094046
11747_20190412,1.23471123529474,1.31048726014942,1.33155952195697,1.42082338900371,1.44718107757682,1.49513402510125,1.35614026747542,1.48811587789241,1.31037886295493,1.27036504031388,1.42853418568101,1.45755128011115,1.36351010692935
11748_20190401,1.27628412046901,1.18407006089249,1.18084452124261,1.40396059315246,1.35154627739634,1.41189251155448,1.30415809154327,1.24171504937461,1.19194805048879,1.20277195610702,1.2889446381317,1.12724950221904,1.2159986152443
11750_20190315,1.47101987066656,1.43300441601741,1.26021346630747,1.4842500343111,1.42208253059095,1.43350599171508,1.40614696822331,1.35155815904361,1.55109845716715,1.65930387613513,1.39175009030749,1.27538398124541,1.38120206461898
11750_20201023,1.33160747690179,1.42321486459572,1.5158257062613,1.45904986977039,1.42328025811793,1.36650202586205,1.29897237715217,1.32994475585504,1.32463183831581,1.19247859855692,1.18039758672615,1.2287827520191,1.43584423536818
11751_20190228,1.3653061431694,1.3684599091033,1.25633393160281,1.34793143772506,1.37982028418426,1.4932652479625,1.44131857438533,1.10104526917771,1.43973816441714,1.3852961699998,1.18185497815258,1.15880480373262,1.2315747425565
11751_20201105,1.49685652150172,1.64011837841275,1.43260029074253,1.57354970491831,1.37321753258509,1.53727258550016,1.39742040374621,1.50352654870955,1.31201662392498,1.5934918127234,1.39276338215611,1.48529625930554,1.55845480873885
11752_20190315,1.26144171248002,1.12804885035112,1.08072587926627,1.04401183556536,1.26562661861963,1.04465834104125,1.19249210008559,1.19644166933612,1.09679755682897,1.04183164025718,1.15292217562509,1.21879583319323,1.20741865182928
11752_20201016,1.19725504604161,1.18519869707637,1.51487093594357,1.13816735874087,1.27449208223617,1.27139605105137,1.29951760194017,1.32725251371224,1.10406744810433,1.20612845957729,1.04191607555769,1.16604919287786,1.15010290444117
11753_20201009,1.47792672306207,1.48273683629962,1.36799607213088,1.52855492719088,1.49302928917778,1.49202867608802,1.47847270673498,1.34760716903282,1.5443125410788,1.45115950847074,1.50379070958193,1.43348634375593,1.4231110358039
11754_20210823,1.4434859787654,1.41145112800754,1.38927723458353,1.31498961207223,1.48423652321808,1.47168260897573,1.36119077081711,1.25487838824659,1.47024252670005,1.40684658552492,1.48599538316259,1.21831267622595,1.46301598919823
11756_20201019,1.50587052420055,1.16526855750669,1.14970906957946,1.41025530097605,1.4249526034567,1.40331619969895,1.15408327750139,1.08300501363565,1.23652502917359,1.31540144845859,1.20878666604056,1.38148658387822,1.31375477348188
11757_20190322,1.67302567641141,1.40599586723903,1.51256407651154,1.40398659774139,1.48686714897329,1.5641822191975,1.5265129026566,1.40072116233805,1.51413262268612,1.35185597592028,1.44225167922515,1.41740647385371,1.52674124457954
11757_20200918,1.49996404337642,1.55153050193267,1.49652521827583,1.29357514039404,1.38224068645368,1.45884072365031,1.44143859908151,1.20447972204318,1.41984458148154,1.41487296037155,1.42238479281483,1.39674152667714,1.50242595836591
11758_20190422,1.16111751158317,1.18603046660765,1.22240236606135,1.08347955055933,1.35763240051053,1.28346432040998,1.34325229709138,0.989519638668449,1.28509420786579,1.18662200159967,1.33539294929935,1.12159736504296,1.20147940692881
11759_20190823,1.09269623753564,1.13347475516419,1.3415753001511,1.06529139797469,1.23587977764922,1.42972502774177,1.14036531769578,1.3355646296766,1.21847064393649,1.15928139128863,1.29796865464412,1.18000529778535,1.21429905086104
11760_20190311,1.18651776031343,1.39574629545309,1.17898187510212,0.946377920595237,1.13821417887547,1.35473618689802,1.24641480218084,1.17006622723748,1.19525795484512,1.19754162443887,0.990294281219755,1.23026243019345,1.20383272846786
11760_20210423,1.3049352201764,1.36126234743251,1.52618195349869,1.41165858214856,1.44197718017106,1.41641290724303,1.50555915977013,1.20079033294569,1.45126010767551,1.25955384296606,1.11821547778276,1.24196195725947,1.43424081528466
11761_20190415,1.23669373179692,1.35955256067456,1.38035393198951,1.35726558218112,1.46497271211352,1.09704639132914,1.21438864648471,1.08783706120151,1.34399913417464,1.20305110906979,1.32006216165977,1.21168326631496,1.41304606465465
11765_20190816,1.26181140044203,1.31183917627121,1.21696398124783,1.13560769760009,1.1152067223743,1.15565983178844,1.37599571083497,1.15553826564904,1.23158571317487,1.31311942092214,1.21043341290931,1.05522745639961,1.30338594285688
11766_20191025,1.34001217764768,0.99855197436607,1.18186304218715,1.12719554051632,0.98821123082036,1.09898970908927,1.04716568079337,1.05845929948253,0.982457177346284,1.24260444813624,0.919669714008423,1.28826088178174,0.912096780902409
11767_20190729,1.33386766273524,1.20146387203242,1.00328611156995,1.28005531679468,1.18449502980691,0.983595143994633,1.32358871028705,1.34321285208723,1.04324925378033,1.12219955645668,1.20953708054781,1.30386593468172,1.18122975315687
11769_20190405,1.12084114075904,1.18459230036706,1.23864278988046,1.10259645568156,1.01257115323517,1.1781837149465,1.23980311497405,0.979695496093156,1.06078879147021,1.04825303244384,1.26494821393128,0.952877072036779,0.934725388965646
11770_20190722,1.30656175534331,1.40308787494385,1.31208292228478,1.34104935106442,1.46153305158192,1.26058744700306,1.32185687889045,1.22779310972793,1.20714763639165,1.25899355983114,1.24831272879682,1.31946879541726,1.37623765532973
11770_20210514,1.57980068744737,1.56915557183573,1.47219616771658,1.5508352159932,1.53288076109927,1.36982739878669,1.40789572373803,1.38206088780704,1.44734418486036,1.61611429995064,1.49029386752762,1.36812990366339,1.32551049442082
11776_20190712,1.22892092490814,1.30911676171859,1.29006947626403,1.29500019817091,1.30734272715251,1.39946737741417,1.3591550570284,1.1897574546473,1.23451519614692,1.34896272714704,1.22157586937564,1.23951328919933,1.29168718031465
11779_20191028,1.2388699820611,1.2511858307043,1.12978577083894,1.25201442892986,1.22205503984214,1.39399779376728,1.39175910362794,1.30165173376641,1.34419848777109,1.38621058497659,1.06314229900051,1.07524938707064,0.978571969521633
11779_20211101,1.28462673783893,1.43137431332716,1.54447194276026,1.16456349318749,1.42186727203155,1.60906630211977,1.16014333542704,0.985014765043111,1.35366257677217,1.29042507734298,1.19987201379833,1.09955403365245,1.14036632219093
11780_20190805,1.54213218282611,1.28478471195394,1.28783207137195,1.21378812106819,1.46102678068208,1.59878362680836,1.35496274080089,1.33112736995172,1.52778086282014,1.29695586188769,1.18407992047944,1.27839228567938,1.19886890921046
11781_20190823,1.70178645294133,1.424344817253,1.49347923160119,1.5567678678324,1.57949794312609,1.43044400472563,1.55758043676735,1.24074190700092,1.24508034227683,1.34851097735199,1.28238371796555,1.38758443305777,1.42017285660406
11781_20210614,1.48354450981315,1.49210990691525,1.40501641559698,1.60364321107467,1.45689923688113,1.45483248858556,1.25977416134162,1.46243560302629,1.34135073431739,1.36357573170952,1.4554890933159,1.58755039646346,1.66311818906446
11782_20190930,1.11864412118907,1.30580412171326,1.21315326984821,1.20992180399666,1.32647751895936,0.965973917483118,1.24283519064803,1.29587677800358,1.30136916384148,1.22039301096593,1.227374720965,1.30550532947798,1.10799222849216
11784_20190906,1.35938369218875,1.49870120050855,1.30539292874444,1.31710204546749,1.40165663162049,1.53125415638014,1.42796148468066,1.16854535856512,1.2865293836479,1.36166723373996,1.38411138084158,1.24221152882407,1.36900474587829
11785_20200110,1.14561671714741,1.16279094473157,1.09953626873377,1.09917053542462,1.19051626680336,0.917920981419152,0.973831740167545,1.09306784380971,1.04316410923151,1.21037151299304,1.14816061781347,1.2356641049479,1.26100284264674
11786_20190830,1.21855486123105,1.23743529766961,1.34311198417417,1.10146100399578,1.16533969487497,1.24278869565456,1.08434800698174,1.10903536436707,0.890661971305124,1.22688581298612,1.00943927778548,0.920686251763851,1.2635661354633
11787_20191021,1.48148084598755,1.43575191906023,1.37423741516419,1.47835506980308,1.21575687527952,1.45270628505674,1.38102161843457,1.26135074850004,1.59028623496071,1.41451479881249,1.49355940546863,1.53972337731294,1.2030492536286
11788_20200117,1.48652311101066,1.26873934503725,1.36841540837346,1.50953750295189,1.46178964823874,1.32920244521411,1.41567377662996,1.24973236150893,1.51515365155964,1.42158410706434,1.27874739142484,1.09277316956262,1.38788927384456
11788_20210724,1.54395717890301,1.43431580940702,1.26899977792327,1.35768624724129,1.41303885752169,1.57769392541822,1.43595333357256,1.1301152974208,1.38603755030301,1.18700036882196,1.37447081480293,1.48197035836527,1.36249996983767
11789_20191028,1.16796587782774,1.01160378323761,1.10462231771321,1.12133477379878,1.23885301397688,1.19215407945387,1.14082712267842,1.30594388596826,1.22836843553505,1.10241822672951,0.933549805638734,1.2736181121419,1.0018518662302
11790_20210430,1.56863597015414,1.50816571158973,1.41271713398799,1.54409998163108,1.39637658358646,1.43127874266778,1.35528508310832,1.28695202724928,1.40257980629855,1.3379142981698,1.07871167218897,1.19020601737347,1.45115561398729
11791_20191101,1.12745942174521,1.21529769271996,1.20871852429455,1.21901340691055,1.03904684750489,1.11377870588078,1.1384132340653,1.1536711759592,1.16611098227167,1.07636547115952,1.02425660282024,1.22501815006876,1.17723600013512
11793_20190905,1.23729951493582,1.27410875800876,1.10671570332976,1.22136168632625,1.35821550735055,1.29819647856315,1.25681237502775,1.45704021360994,1.09227815426021,1.28168878392283,1.16401508366341,1.14520130889687,1.14074765407654
11794_20191125,1.14060744174207,1.4343534187488,0.822567940399888,1.19740546467434,1.29614028699583,1.41876338893159,1.15749370882412,0.974287048255747,1.10878592206169,1.11890126591571,1.14049707623396,1.21666751682405,1.22173156221951
11795_20190920,1.36608931203582,1.47371319515685,1.27205646713367,1.49942543660814,1.55023303514249,1.29192472998057,1.48676584492811,1.51867162003694,1.28143901815265,1.35933449299321,1.3844619232866,1.41993305366803,1.28500604721468
11796_20190819,1.28766995611498,1.34236528154912,1.24229940006231,1.1526042884462,1.38550263077277,1.28674125995804,1.27106905274154,1.11607266437183,1.43133918263995,1.29257416527355,1.22688891580353,1.31894367156241,1.48796677585953
11798_20190809,1.40966228187681,1.62136003948138,1.35401108144438,1.37254414460627,1.34753627509737,1.3559536982349,1.50671024793164,1.17706715961901,1.45043279986571,1.34289180699739,1.51616327288006,1.51406504923483,1.39540420994153
11798_20210731,1.45448483570709,1.41398284707958,1.53995520028819,1.61552086401672,1.44242230849918,1.331536734419,1.25448754428704,1.35625876404269,1.39803977835204,1.47260352846926,1.13650235755862,1.4414197366409,1.33616110947408
11799_20210621,1.51784402096328,1.42056823208731,1.52056136768782,1.50664725416882,1.27366772519465,1.39794101907791,1.39040506074231,1.38079544252271,1.29019747284629,1.30756392705725,1.32971152066345,1.27633802219766,1.57353247583035
11801_20190923,1.34616482934057,1.34330766248854,0.991295575443169,1.26126349439933,1.39122126773055,1.31418007285855,1.282480350061,1.19311131246211,1.1706757035729,1.31745253840705,1.31727812353172,1.37410144317618,1.36801411283372
11802_20190906,1.43881163753674,1.48727718443749,1.45690003161321,1.52723219059557,1.51701196248049,1.59817171187273,1.44379515646581,1.28150752286128,1.44140416616346,1.46873815649419,1.45836553909328,1.45715602417527,1.49989547761224
11802_20210618,1.24856480323391,1.21856389369587,1.28015087799601,0.975787623462342,1.53717736834839,1.34193282138348,1.3928037262344,1.189111663501,1.31935176876579,1.36162135050574,1.29228182870931,1.37673830786386,1.33554227744864
11803_20191007,1.40553248521227,1.50950837415437,1.41732995044887,1.46047864789924,1.24639244593072,1.48022003030736,1.50151820685325,1.20354161823471,1.33829904529468,1.23446615688422,1.48739263785522,1.40725679345107,1.18167897002287
11803_20210816,1.12367662037389,1.17955705104599,1.30708241899292,1.35563045158017,1.23743471004587,1.25531756512707,1.35038782696687,1.41320650546096,1.21717182032923,1.20667184057341,1.21689560692011,1.21229153815897,1.33000284373728
11805_20191004,1.39260015116887,1.40481059777253,1.47250657579141,1.41304511689292,1.3773854977612,1.44337314204435,1.46657465338188,1.46088899635098,1.68137001486091,1.51825168796134,1.41652539874608,1.404130469512,1.48521105867698
11806_20190913,1.50700577611632,1.44576441009835,1.41389722016407,1.39478967537837,1.54157895011143,1.59164656651966,1.44329678359077,1.2992344887951,1.43588017278958,1.37426627340406,1.42930225809524,1.52630133343611,1.39942701188574
11807_20200117,1.5164497054768,1.63109055373489,1.56647325396734,1.54278485863701,1.6672135347657,1.60220585286388,1.53648268488412,1.44287352408332,1.41883095840695,1.48313600185277,1.50992539557838,1.58624403452855,1.38598178321558
11807_20210820,1.47306091152123,1.43342787582566,1.55603234956397,1.51407054375282,1.48656248260534,1.4372573250778,1.24699099383726,1.29457512615878,1.24471421629448,1.34423609189838,1.50663171422388,1.63619630435144,1.62185647538354
11808_20200110,1.41039271975538,1.44845255034724,1.29944574863757,1.54150286221207,1.53498103756873,1.54388802062313,1.47640287965921,1.27997162163377,1.51653709247011,1.65726588225959,1.17269367844222,1.20396565006804,1.33154631378894
11810_20191212,1.23835358566305,1.06309453795064,1.11639393811111,1.06377230177289,1.40395393973802,1.19779538975761,1.11843751888386,1.41696695926215,1.26146798988485,1.26145502903238,1.45082680330661,1.33964337587129,1.19086875253126
11812_20200227,1.50972586806994,1.52283849687541,1.43456243495848,1.56411176068429,1.48739010405598,1.48408383821425,1.58992149084191,1.35486820413972,1.4087821781271,1.4194880907821,1.57887538431205,1.56816239544448,1.30891648890314
11813_20191219,1.07094539552007,1.20050145092995,1.05277902599448,0.946154341912061,1.24317806377972,1.09228968582051,1.20546649957878,1.35009569036139,1.34797998157452,1.1021527366447,1.23565873065298,1.12299136310326,1.04647223887913
11813_20210625,1.09562917545905,1.12945561568468,1.18084046465127,1.2677977315052,1.37126465741284,1.37942202110831,1.16964705477012,1.00824449969584,1.25442882110096,0.983982020760389,1.16043686813574,1.0291218651353,1.26788073790518
11815_20200214,1.4463113575572,1.47970872617234,1.6132155900178,1.5976394630993,1.45842699291119,1.38186289206311,1.61025821848891,1.25023679714217,1.29986142906282,1.47515343473753,1.59421004632741,1.46182027023143,1.43931819447576
11816_20200203,1.64752455256399,1.30467494735959,1.52816472390626,1.43529276848298,1.35509852534406,1.43203828959239,1.35491834882424,1.40569817214657,1.41202886606659,1.40177542980475,1.56488680400772,1.34522141989495,1.44002226985939
11821_20210521,1.16132087308339,1.08327136275557,1.16305723914423,1.14811581036299,1.2472087145191,1.36976121505611,1.37327542349685,1.16114129294334,1.11975322886784,1.22089934383983,1.03954490998125,1.0580789647133,1.14520695926866
11823_20210122,1.51379183953513,1.62104925380692,1.48687351600447,1.36006792379627,1.32773216257046,1.46726996716844,1.49978653197006,1.55571495972161,1.5701193505906,1.58065829119587,1.13085077110505,1.22744133454203,1.47840069601098
11824_20210522,1.31826920483326,1.09974835615721,1.26091985260091,1.14888526355203,0.996907321978339,1.18354451006517,1.2020441245207,1.2591825324579,1.3159189137613,1.16137450166097,0.949729200481651,0.959642554679685,1.09053967741141
11834_20210524,1.46947024720409,1.40188648802527,1.52572254597993,1.48401640203807,1.37731087583575,1.41761190204555,1.49004474251827,1.34746645012746,1.41580605901713,1.39639831116176,1.44608199980328,1.41012338839589,1.632812175519
11863_20210225,1.47044773374359,1.32343847980945,1.450118783154,1.40959168418854,1.28317318754556,1.21526562423818,1.52585650081523,1.35163983612152,1.51699830576524,1.46670848218439,1.04166413858053,1.38222267757311,1.57522918187957
11865_20210517,1.24289593413748,1.24127069997214,1.41517874259189,1.27260858038216,1.41176072187902,1.51474785328047,1.40243717211643,1.40177265221725,1.34741487436133,1.14981739011752,1.00387423298389,1.0845910243233,1.29105984887649
11867_20210424,1.29566136589077,1.40531738137613,1.25961662410215,1.3048187999001,1.07074347036348,1.12353120766961,1.3697236887073,1.2385929422798,1.16024429909977,1.3682020448068,1.07193451198002,1.07960144283932,1.55791909868467
11868_20211025,1.32662416207797,1.55389655747025,1.40133088226839,1.45039275258249,1.37948599634811,1.33234595183217,1.41414441601342,1.27392135582962,1.36662532856882,1.40634862476142,1.46491479777359,1.49408101947615,1.47824108544916
